"0","library(ggplot2)"
"0","library(gganimate)"
"0","set.seed(123)  # Set a random seed for reproducibility"
"0","data <- data.frame(Value = rnorm(100))"
"0","p <- ggplot(data, aes(x = Value)) +"
"0","  geom_histogram(binwidth = 0.5, fill = ""blue"", alpha = 0.5) +"
"0","  labs(title = ""Cumulative Histogram Animation"", x = ""Value"", y = ""Frequency"")"
"0","p_animated <- p +"
"0","  transition_states("
"0","    states = cumsum(..count..),"
"0","    transition_length = 2,"
"0","    state_length = 1"
"0","  ) +"
"0","  enter_fade() +"
"0","  exit_fade()"
"0","animate(p_animated)"
"2","Error in order(ind) : argument 1 is not a vector
"
